replay_id,playlist,rank,color;team name;player name;platform;player id;car id;car name;game duration;score;goals;assists;saves;shots;shots conceded;goals conceded;goals conceded while last defender;shooting percentage;bpm;avg boost amount;amount collected;amount collected big pads;amount collected small pads;count collected big pads;count collected small pads;amount stolen;amount stolen big pads;amount stolen small pads;count stolen big pads;count stolen small pads;0 boost time;100 boost time;amount used while supersonic;amount overfill total;amount overfill stolen;avg speed;total distance;time slow speed;percentage slow speed;time boost speed;percentage boost speed;time supersonic speed;percentage supersonic speed;time on ground;percentage on ground;time low in air;percentage low in air;time high in air;percentage high in air;time powerslide;avg powerslide time;count powerslide;time most back;time most forward;avg distance to ball;avg distance to ball has possession;avg distance to ball no possession;avg distance to team mates;time behind ball;percentage behind ball;time in front of ball;percentage in front of ball;time defensive half;percentage defensive half;time offensive half;percentage offensive half;time defensive third;percentage defensive third;time neutral third;percentage neutral third;time offensive third;percentage offensive third;demos inflicted;demos taken
055ba53e-a3ac-4e9d-9b39-a55bbab18411,ranked-doubles,bronze-1,blue;;Lai on laptop;Epic;fcc5ab25eeb245faaf4da8d7f0023fd1;402;Takumi;327;509;3;0;0;2;1;1;1;150;185;30.28;805;525;280;6;24;76;0;76;0;7;168.11;8.56;244;74;0;1331;409530;199.35;61.58;108.23;33.43;16.13;4.98;187.18;57.82;128.54;39.71;8;2.47;4.92;0.45;11;177.2;142.3;2192;1955;2402;2241;214.11;66.14;109.6;33.86;188.31;58.17;135.41;41.83;144.04;44.5;99.89;30.86;79.79;24.65;1;1
055ba53e-a3ac-4e9d-9b39-a55bbab18411,ranked-doubles,bronze-1,blue;;PHAKO_him;Epic;b764e2e381344ae9a7a4edbd935c61bb;3451;Nimbus;327;264;0;2;0;3;1;1;0;0;276;23.75;1291;734;557;8;47;329;146;183;2;16;83.21;42.24;329;68;56;1380;422658;192.83;60.02;101.78;31.68;26.66;8.3;204.65;63.7;107.49;33.46;9.12;2.84;0.24;0.24;1;143.4;174.5;1860;1571;1971;2241;202.05;62.89;119.22;37.11;191.3;59.55;129.96;40.45;141.4;44.01;93.14;28.99;86.73;27;0;1
055ba53e-a3ac-4e9d-9b39-a55bbab18411,ranked-doubles,bronze-1,orange;;minion-mewing;PS4;minion-mewing;403;Dominus;327;278;1;0;0;1;5;3;2;100;483;44.87;2675;2381;294;26;25;423;363;60;4;5;85.38;58.68;1255;227;36;1407;435519;167.6;51.28;116.24;35.57;42.97;13.15;221.35;67.73;95.67;29.27;9.79;3;0.59;0.29;2;143.7;174.9;1926;1622;2130;2338;210.74;64.48;116.07;35.52;192.56;58.92;134.24;41.08;138.28;42.31;91.96;28.14;96.57;29.55;2;0
055ba53e-a3ac-4e9d-9b39-a55bbab18411,ranked-doubles,bronze-1,orange;;Orangesig32;Epic;1e9b7c9e60e6404786a7ba56d9bbad52;4284;Fennec;327;172;0;0;1;0;5;3;1;0;232;25.04;1024;640;384;8;33;298;100;198;1;17;169.81;5.86;160;0;0;1212;371399;215.6;66.6;92.11;28.46;15.99;4.94;203.98;63.02;114.32;35.32;5.39;1.67;1.55;1.55;1;175.5;140.7;1996;1970;2005;2338;206.71;63.86;116.98;36.14;183.68;56.74;140.02;43.26;133.94;41.38;100.57;31.07;89.19;27.55;0;1
2b53d86c-6e63-4e35-a412-075ff4102565,ranked-doubles,bronze-1,blue;;Talented110;PS4;Talented110;23;Octane;107;124;0;1;0;2;0;0;0;0;312;46.85;603;400;203;4;18;267;100;167;1;14;23.15;12.16;65;1;1;1353;134074;56.16;52.24;46.46;43.22;4.88;4.54;66.67;62.02;37.89;35.25;2.94;2.73;1.75;0.44;4;41.7;63.5;2162;2117;2238;3996;91.21;84.84;16.3;15.16;51.06;47.49;56.45;52.51;33.12;30.81;30.08;27.98;44.31;41.21;0;0
2b53d86c-6e63-4e35-a412-075ff4102565,ranked-doubles,bronze-1,blue;;top-suburb83;PS4;top-suburb83;403;Dominus;107;124;1;0;0;1;0;0;0;100;297;44.32;499;415;84;5;7;12;0;12;0;1;26.55;8.07;216;84;0;1312;126263;72.94;69.8;20.7;19.81;10.86;10.39;85.23;81.55;16.48;15.77;2.8;2.68;0.72;0.18;4;63.4;38.8;3655;4037;3391;3996;85.49;81.81;19.01;18.19;61.15;58.52;43.35;41.48;44.2;42.29;35.54;34.01;24.77;23.7;0;1
2b53d86c-6e63-4e35-a412-075ff4102565,ranked-doubles,bronze-1,orange;;60 70;Epic;67e1a297b0ac4f9bb39bb6243d9ec954;23;Octane;107;78;0;0;1;0;3;1;1;0;252;50.59;502;425;77;7;7;12;0;12;0;1;1.39;11.41;6;135;0;1168;109331;82.29;76.74;23.8;22.2;1.14;1.06;75.66;70.57;29.56;27.57;2;1.87;0.55;0.18;3;88.5;62.6;1663;1040;2016;4300;74.41;69.39;32.82;30.61;87.38;81.5;19.84;18.5;77.13;71.92;21.58;20.12;8.53;7.95;0;0
2b53d86c-6e63-4e35-a412-075ff4102565,ranked-doubles,bronze-1,orange;;60 70(1);Epic;67e1a297b0ac4f9bb39bb6243d9ec954;23;Octane;107;2;0;0;0;0;3;1;0;0;23;35.23;95;95;0;1;0;0;0;0;0;0;0;0;14;4;0;1058;51544;82.16;87.12;11.5;12.19;0.65;0.69;68.45;72.58;19.17;20.33;6.69;7.09;0;0;0;37.4;63.7;3722;3446;3808;4300;35.99;38.17;58.31;61.83;82.69;87.69;11.61;12.31;72.61;77;18.08;19.17;3.61;3.83;1;0
3a371ff8-84c4-46aa-86d3-7f750e1ae64b,ranked-doubles,bronze-1,blue;;theTacocat88;Epic;899909ba9ee64010a0f0eecfec288d36;23;Octane;389;648;4;0;1;4;7;5;3;100;266;47.01;1625;1181;444;13;39;353;200;153;2;13;86.87;29.83;329;101;0;1410;485906;213.22;55.34;137.92;35.8;34.15;8.86;217.81;56.53;160.91;41.76;6.57;1.71;4.8;0.34;14;210.4;149.6;2482;2375;2671;2877;297.37;77.18;87.92;22.82;232.43;60.33;152.86;39.67;164.33;42.65;126.17;32.75;94.79;24.6;0;1
3a371ff8-84c4-46aa-86d3-7f750e1ae64b,ranked-doubles,bronze-1,blue;;EthanRenz19;PS4;EthanRenz19;4284;Fennec;389;196;0;2;0;1;7;5;2;0;227;51.15;1707;1282;425;19;38;497;326;171;6;15;19.96;69.33;522;627;282;1293;453525;248.23;63.92;113.44;29.21;26.66;6.87;265.25;68.3;110.38;28.42;12.71;3.27;0;0;0;152.5;209.2;2758;2380;3370;2877;262.28;67.54;126.05;32.46;204.98;52.78;183.36;47.22;159.78;41.14;89.46;23.04;139.1;35.82;2;0
3a371ff8-84c4-46aa-86d3-7f750e1ae64b,ranked-doubles,bronze-1,orange;;allusive-scorer4;PS4;allusive-scorer4;403;Dominus;389;571;4;0;0;4;5;4;2;100;228;59.66;1710;1303;407;20;36;400;341;59;6;5;25.3;57.07;193;705;258;1339;448608;224.73;58.74;135.63;35.45;22.2;5.8;232.23;60.71;136.36;35.65;13.96;3.65;4.53;0.5;9;192.2;187.4;2799;2750;2854;3340;266.07;69.55;116.48;30.45;273.36;71.46;109.2;28.54;227.37;59.44;96.21;25.15;58.97;15.41;0;1
3a371ff8-84c4-46aa-86d3-7f750e1ae64b,ranked-doubles,bronze-1,orange;;SimilarPerch5471;PS4;SimilarPerch5471;403;Dominus;389;447;1;4;0;3;5;4;2;33.33;286;42.15;1469;1020;449;14;32;262;178;84;2;7;45.55;71.29;717;384;21;1288;435011;239.41;62.17;113;29.35;32.65;8.48;251.06;65.2;119.92;31.14;14.07;3.65;8.26;2.75;3;190.3;182.3;2657;2286;2913;3340;284.04;73.77;101.02;26.23;277.75;72.13;107.31;27.87;223.21;57.97;100.8;26.18;61.05;15.85;1;1
3d184cd4-3eb1-4020-a021-79479aadb30a,ranked-doubles,bronze-1,blue;;Hassan541541(1);Epic;61af92d1020c45c28fedf7745470901a;1172;Marauder;127;381;3;0;0;3;0;0;0;100;416;45.31;733;580;153;7;14;242;154;88;2;8;34.24;6.36;98;119;45;1317;145544;73.18;58.03;47.28;37.49;5.65;4.48;83.24;66.01;38.2;30.29;4.67;3.7;0;0;0;46.3;68.4;1865;1935;1654;2455;92.09;73.02;34.03;26.98;59.61;47.26;66.51;52.74;49.58;39.31;24.69;19.58;51.85;41.11;0;0
3d184cd4-3eb1-4020-a021-79479aadb30a,ranked-doubles,bronze-1,blue;;Hassan541541;Epic;61af92d1020c45c28fedf7745470901a;23;Octane;127;146;0;2;0;0;0;0;0;0;246;56.4;524;392;132;6;11;128;81;47;1;4;12.39;18.19;94;207;18;1202;133455;83.81;66.65;37.57;29.88;4.37;3.48;85.39;67.9;37.46;29.79;2.9;2.31;0.34;0.17;2;69.2;46.7;2008;2047;1368;2455;95.53;75.97;30.22;24.03;70.39;55.98;55.36;44.02;57.96;46.09;31.46;25.02;36.33;28.89;0;0
3d184cd4-3eb1-4020-a021-79479aadb30a,ranked-doubles,bronze-1,orange;;60 70;Epic;67e1a297b0ac4f9bb39bb6243d9ec954;23;Octane;127;20;0;0;0;0;3;3;3;0;111;31.12;199;78;121;1;11;7;0;7;0;1;10.44;0;0;21;0;1273;139074;94.65;75.89;30;24.05;0.07;0.06;96.91;77.7;22.58;18.1;5.23;4.19;0;0;0;77.4;37.3;2417;1841;2524;4088;79.64;63.86;45.08;36.14;99.64;79.89;25.08;20.11;73.85;59.21;40.04;32.1;10.83;8.68;0;0
3d184cd4-3eb1-4020-a021-79479aadb30a,ranked-doubles,bronze-1,orange;;60 70(1);Epic;67e1a297b0ac4f9bb39bb6243d9ec954;23;Octane;127;2;0;0;0;0;3;3;0;0;125;17.11;125;0;125;0;11;60;0;60;0;5;29.08;0;0;0;0;1190;129564;91.31;73.57;29.74;23.96;3.06;2.47;73.85;59.51;32.39;26.1;17.86;14.39;0;0;0;39.3;79.2;4082;2126;4625;4088;60.4;48.67;63.7;51.33;67.1;54.07;57;45.93;53.8;43.35;28.63;23.07;41.68;33.58;0;0
43686db1-a509-479d-b64a-136b7e078a78,ranked-doubles,bronze-1,blue;;nek_timedobett08;PS4;nek_timedobett08;1171;Masamune;389;416;2;0;1;1;8;6;1;200;233;43.27;1477;821;656;11;57;361;187;174;3;15;45.93;19;250;295;119;1337;455578;237.56;61.88;127.38;33.18;18.96;4.94;273.32;71.2;110.58;28.8;0;0;5.22;0.12;45;184.5;178.1;2741;2768;2764;3342;265.5;69.16;118.39;30.84;272.75;71.05;111.14;28.95;204.38;53.24;119.3;31.08;60.22;15.69;1;1
43686db1-a509-479d-b64a-136b7e078a78,ranked-doubles,bronze-1,blue;;Hassan-number-1;PS4;Hassan-number-1;4284;Fennec;389;250;1;1;0;1;8;6;5;100;263;48.51;1784;1292;492;18;38;264;144;120;3;11;35.98;63.65;333;520;167;1237;429095;262.97;68.19;104.96;27.22;17.72;4.59;257.07;66.66;123.92;32.13;4.65;1.21;3.01;0.75;4;184.3;183.8;2700;2362;2903;3342;262.29;68.01;123.36;31.99;261.85;67.9;123.79;32.1;203.89;52.87;107.73;27.93;74.03;19.2;0;1
43686db1-a509-479d-b64a-136b7e078a78,ranked-doubles,bronze-1,orange;;Orangesig32;Epic;1e9b7c9e60e6404786a7ba56d9bbad52;4284;Fennec;389;703;5;0;0;6;2;3;2;83.33;275;22.13;1446;851;595;9;51;505;265;240;3;20;180.49;9.64;183;0;0;1286;444571;240.27;62.47;123.2;32.03;21.16;5.5;241.25;62.72;130.07;33.82;13.3;3.46;0;0;0;146.6;228.8;1842;1613;2164;1925;244.06;63.45;140.57;36.55;192.98;50.17;191.65;49.83;148.64;38.64;107.95;28.07;128.04;33.29;2;1
43686db1-a509-479d-b64a-136b7e078a78,ranked-doubles,bronze-1,orange;;Glokk9ine 55;XBox;8786da26f5010900;23;Octane;389;362;1;2;0;2;2;3;1;50;259;33.23;1198;816;382;9;34;152;0;152;0;14;85.55;26.02;298;95;0;1313;441041;242.55;62.4;119.3;30.69;26.88;6.91;244.76;62.96;133.29;34.29;10.68;2.75;0.43;0.21;2;234.2;135.5;2091;2088;2077;1925;257.91;66.35;130.82;33.65;221.24;56.91;167.49;43.09;159.2;40.95;128.84;33.14;100.68;25.9;0;0
5b29a849-2dd8-4878-b66d-f296824c04c0,ranked-doubles,bronze-1,blue;;Thatmaverick05;PS4;Thatmaverick05;10822;McLaren Senna;416;820;5;1;1;3;6;5;1;166.67;253;37.23;1581;1027;554;12;46;380;200;180;2;15;55.5;33.4;401;172;0;1278;426733;273.53;66.12;115.81;27.99;24.36;5.89;289.78;70.04;116.97;28.27;6.96;1.68;1.77;0.59;3;206.8;184;2207;1871;2468;2090;302.34;73.08;111.37;26.92;265.51;64.18;148.2;35.82;209.16;50.56;128.55;31.07;76;18.37;0;0
5b29a849-2dd8-4878-b66d-f296824c04c0,ranked-doubles,bronze-1,blue;;SaneMagic958302;XBox;3f36e1f4f8010900;403;Dominus;416;364;1;2;0;5;6;5;4;20;164;15.22;441;0;441;0;37;132;0;132;0;11;76.81;0;81;0;0;1188;431374;301.18;73.06;98.44;23.88;12.59;3.05;291.96;70.83;115.84;28.1;4.41;1.07;0;0;0;213.6;191;1876;1647;2009;2090;270.8;65.69;141.41;34.31;250.23;60.71;161.97;39.29;185.22;44.93;145.87;35.39;81.12;19.68;0;1
5b29a849-2dd8-4878-b66d-f296824c04c0,ranked-doubles,bronze-1,orange;;RUSHYYgoat;PS4;RUSHYYgoat;22;Breakout;416;761;5;0;1;5;8;6;3;100;242;46.14;1532;887;645;11;54;422;214;208;3;18;32.42;87.69;226;241;94;1280;469288;274.02;66.22;121.4;29.34;18.39;4.44;268.5;64.89;139.82;33.79;5.48;1.32;6.11;0.44;14;158.2;215;1815;1788;1869;2260;279.56;67.56;134.24;32.44;237.22;57.33;176.58;42.67;179.05;43.27;123.85;29.93;110.91;26.8;1;0
5b29a849-2dd8-4878-b66d-f296824c04c0,ranked-doubles,bronze-1,orange;;Huge Personality;Epic;154e3070251349d193ae6e5a8ff0f20f;403;Dominus;416;188;0;2;0;1;8;6;3;0;312;39.17;1788;1195;593;13;51;258;0;258;0;22;63.77;22.6;633;77;0;1357;500624;240.73;58.06;148.79;35.88;25.12;6.06;277.74;66.98;132.02;31.84;4.88;1.18;0.47;0.23;2;216.9;159.6;2041;2071;2027;2260;297.58;71.77;117.06;28.23;261.22;63;153.42;37;180.1;43.44;138.66;33.44;95.88;23.12;0;0
77fb842b-faa2-4efb-bbd0-e0edbd6e3b99,ranked-doubles,bronze-1,blue;;Adzthepro123;PS4;Adzthepro123;30;Merc;35;2;0;0;0;0;1;0;0;0;282;68.99;183;160;23;2;2;123;100;23;1;2;6.66;2.21;37;40;0;1420;37392;14.99;48.72;13.91;45.21;1.87;6.08;22.15;71.96;5.79;18.81;2.84;9.23;0;0;0;12.3;16.9;2511;1910;1071;2443;17.47;56.78;13.3;43.22;12.33;40.07;18.44;59.93;9.12;29.64;11.25;36.56;10.4;33.8;0;0
77fb842b-faa2-4efb-bbd0-e0edbd6e3b99,ranked-doubles,bronze-1,blue;;Adz_ibz15;PS4;Adz_ibz15;29;Hotshot;35;2;0;0;0;0;1;0;0;0;160;14.69;60;0;60;0;5;23;0;23;0;2;18.6;0;0;0;0;933;26766;28.4;81.1;5.09;14.53;1.53;4.37;23.59;67.36;11.43;32.64;0;0;0;0;0;21;15.4;2595;1803;1558;2443;20.84;59.53;14.17;40.47;16.75;47.84;18.26;52.16;9.83;28.07;21.41;61.14;3.78;10.79;0;0
77fb842b-faa2-4efb-bbd0-e0edbd6e3b99,ranked-doubles,bronze-1,orange;;Ilove-omrans_mum;PS4;Ilove-omrans_mum;23;Octane;35;26;0;0;0;1;0;0;0;0;290;37.44;148;100;48;1;4;12;0;12;0;1;2.69;4.44;0;0;0;1187;36911;25.42;72.61;9.43;26.94;0.16;0.46;24.65;70.39;7.55;21.56;2.82;8.05;0;0;0;31;31;2677;2198;3305;2896;30.46;87;4.55;13;27.9;79.67;7.12;20.33;26.81;76.56;2.38;6.8;5.83;16.65;0;0
77fb842b-faa2-4efb-bbd0-e0edbd6e3b99,ranked-doubles,bronze-1,orange;;Orangesig32;Epic;1e9b7c9e60e6404786a7ba56d9bbad52;4284;Fennec;35;0;0;0;0;0;0;0;0;0;0;33.33;0;0;0;0;0;0;0;0;0;0;0;0;0;0;0;0;0;0;0;0;0;0;0;0;0;0;0;0;0;0;0;0;0;0;3279;0;0;2896;0;0;0;0;0;0;0;0;0;0;0;0;0;0;0;0
7b188d40-fafa-4e14-a1d0-610ecab1e611,ranked-doubles,bronze-1,blue;;Orangesig32;Epic;1e9b7c9e60e6404786a7ba56d9bbad52;4284;Fennec;494;462;2;0;2;2;9;4;3;100;315;32.23;2283;1370;913;15;72;412;160;252;2;22;184.07;31.88;505;107;23;1266;577380;286.63;58.81;174.3;35.76;26.49;5.43;307.45;63.08;170.95;35.07;9.02;1.85;0.57;0.57;1;241.3;251.1;2325;2063;2544;2827;311.16;63.84;176.25;36.16;332.03;68.12;155.38;31.88;261.37;53.62;114.73;23.54;111.31;22.84;0;2
7b188d40-fafa-4e14-a1d0-610ecab1e611,ranked-doubles,bronze-1,blue;;Cxvzyy;XBox;296f3788f1010900;23;Octane;494;392;1;1;1;0;9;4;1;0;198;50.21;1644;1123;521;14;45;315;200;115;2;10;84.13;53.27;318;292;5;1253;564783;320.87;65.6;145.34;29.72;22.9;4.68;286.47;58.57;196.81;40.24;5.83;1.19;2.51;0.5;5;250.4;232;2420;2150;2602;2827;322.9;66.02;166.21;33.98;332.35;67.95;156.76;32.05;261.92;53.55;134.92;27.59;92.26;18.86;0;1
7b188d40-fafa-4e14-a1d0-610ecab1e611,ranked-doubles,bronze-1,orange;;mouron_integral;PS4;mouron_integral;23;Octane;494;540;3;0;0;3;2;3;0;100;309;53.08;2340;1890;450;23;39;478;200;278;2;23;92.92;49.08;327;414;0;1379;633432;275.21;55.76;192.01;38.9;26.38;5.34;311.63;63.13;168.92;34.22;13.05;2.64;4.11;0.46;9;262.2;212.5;2262;2043;2597;2464;363.27;73.6;130.33;26.4;278.25;56.37;215.35;43.63;213.47;43.25;131.07;26.55;149.05;30.2;2;0
7b188d40-fafa-4e14-a1d0-610ecab1e611,ranked-doubles,bronze-1,orange;;TONKsevenT3;XBox;2cc7fc0000000900;4284;Fennec;494;422;1;1;1;6;2;3;3;16.67;228;36.97;1710;1016;694;13;59;795;463;332;6;28;94.04;42.71;565;285;136;1308;601114;314.5;63.74;155.05;31.43;23.84;4.83;310.58;62.95;162.91;33.02;19.89;4.03;0.94;0.47;2;223.8;262;1936;1807;2056;2464;334.87;67.87;158.51;32.13;255.75;51.84;237.63;48.16;192.02;38.92;141.33;28.64;160.04;32.44;1;0
98464046-099c-4150-8c48-05ffe8a923dc,ranked-doubles,bronze-1,blue;;Orangesig32;Epic;1e9b7c9e60e6404786a7ba56d9bbad52;4284;Fennec;44;2;0;0;0;0;3;3;0;0;308;35.23;126;100;26;1;3;0;0;0;0;0;5.8;0.6;0;0;0;1206;25698;20.89;72.06;7.81;26.94;0.29;1;21.21;73.19;7.77;26.81;0;0;0;0;0;31;7.1;3418;2717;3661;2679;17.61;60.77;11.37;39.23;26.41;91.13;2.57;8.87;20.33;70.15;8.65;29.85;0;0;0;0
98464046-099c-4150-8c48-05ffe8a923dc,ranked-doubles,bronze-1,blue;;Glokk9ine 55;XBox;8786da26f5010900;23;Octane;44;2;0;0;0;0;3;3;3;0;243;36.62;148;100;48;1;4;112;100;12;1;1;19.59;0.72;0;0;0;1312;45063;30.97;70.45;11.31;25.73;1.68;3.82;33.2;75.52;10.76;24.48;0;0;0.71;0.36;2;17.1;23.2;3655;1974;4494;2679;20.24;46.04;23.72;53.96;36.49;83.01;7.47;16.99;25.43;57.85;13.72;31.21;4.81;10.94;0;0
98464046-099c-4150-8c48-05ffe8a923dc,ranked-doubles,bronze-1,orange;;Luaig 3s;Epic;1fe5e8db0c794e5fa7bf3aa9e1d220c5;23;Octane;44;318;2;1;0;2;0;0;0;100;378;25.75;136;78;58;1;5;34;0;34;0;3;5.57;1.84;51;21;0;1523;52288;24.79;56.39;16.08;36.58;3.09;7.03;20.38;46.36;19.57;44.52;4.01;9.12;0.62;0.05;12;10.1;20.6;2427;2157;2712;2775;42.46;96.61;1.49;3.39;21.75;49.49;22.2;50.51;17.53;39.88;10.84;24.66;15.59;35.46;0;0
98464046-099c-4150-8c48-05ffe8a923dc,ranked-doubles,bronze-1,orange;;Princess;Epic;c4dfceb88e804a3b84c529ef5e2d8a73;24;Paladin;44;112;1;0;0;1;0;0;0;100;233;20.47;47;0;47;0;4;35;0;35;0;3;0.93;0;8;0;0;1469;48481;25.5;58.07;16.07;36.6;2.34;5.33;28.86;65.73;12.39;28.22;2.66;6.06;1.84;0.18;10;24.5;10.3;2641;2741;2576;2775;41.95;95.56;1.95;4.44;21.54;49.07;22.36;50.93;17.26;39.31;11.38;25.92;15.27;34.78;0;0
bb672f57-39e1-420d-a77b-555e0831d24b,ranked-doubles,bronze-1,blue;;Orangesig32;Epic;1e9b7c9e60e6404786a7ba56d9bbad52;4284;Fennec;140;501;3;1;0;5;0;0;0;60;402;28.03;811;594;217;6;19;765;594;171;6;15;45.41;9.2;94;5;5;1386;160512;82.28;58.84;45.54;32.57;12.01;8.59;89.54;64.04;47.86;34.23;2.42;1.73;0;0;0;53.3;87.8;1925;1834;2036;2089;112.44;80.41;27.39;19.59;42.57;30.44;97.26;69.56;32.77;23.44;27.98;20.01;79.07;56.55;0;0
bb672f57-39e1-420d-a77b-555e0831d24b,ranked-doubles,bronze-1,blue;;Daniiidu;Epic;133bb4e2251447d9beca940846030eac;600;Ripper;140;298;2;1;0;2;0;0;0;100;223;19.4;232;100;132;1;11;72;0;72;0;6;17;7.73;40;0;0;1248;136638;94.78;67.78;37.62;26.9;7.43;5.31;108.27;77.43;26.5;18.95;5.06;3.62;0;0;0;87.9;34.5;2550;3216;1978;2089;119.67;85.58;20.16;14.42;52.1;37.26;87.73;62.74;36.2;25.89;43.46;31.08;60.17;43.03;0;0
bb672f57-39e1-420d-a77b-555e0831d24b,ranked-doubles,bronze-1,orange;;raghav_0099;PS4;raghav_0099;403;Dominus;140;54;0;0;1;0;7;5;2;0;222;46.46;223;187;36;2;3;12;0;12;0;1;9;1.37;31;12;0;1290;54353;35.04;69.75;14.11;28.09;1.09;2.17;33.01;65.7;16.26;32.36;0.97;1.93;0;0;0;41.6;35.2;3018;3854;2251;3939;27.39;54.52;22.85;45.48;44.32;88.23;5.91;11.77;37.33;74.3;12.91;25.7;0;0;0;0
bb672f57-39e1-420d-a77b-555e0831d24b,ranked-doubles,bronze-1,orange;;bo-_-573leb;PS4;bo-_-573leb;403;Dominus;140;0;0;0;0;0;7;5;3;0;196;40.75;36;0;36;0;3;0;0;0;0;0;0;0;0;0;0;876;18035;85.34;91.14;8.3;8.86;0;0;58.66;62.64;34.98;37.36;0;0;0;0;0;90.7;100.5;3840;4075;3246;3939;38.4;41.01;55.24;58.99;90.34;96.48;3.3;3.52;87.72;93.67;4.34;4.63;1.59;1.7;0;0
fa80ddd7-6a79-4498-a847-211de942406d,ranked-doubles,bronze-1,blue;;TJ;Psynet;0d2ba790039ca956;1018;Dominus GT;362;196;1;0;1;1;4;5;3;100;188;42.71;466;342;124;4;11;148;96;52;1;5;11.28;17.82;120;66;12;1202;179964;127.38;69.82;49.34;27.05;5.71;3.13;110.55;60.6;68;37.28;3.87;2.12;2.43;0.49;5;104;72.3;2006;1620;2275;1852;113.72;62.34;68.7;37.66;121.3;66.49;61.12;33.51;99.07;54.31;46.32;25.39;37.04;20.3;0;0
fa80ddd7-6a79-4498-a847-211de942406d,ranked-doubles,bronze-1,blue;;Orangesig32;Epic;1e9b7c9e60e6404786a7ba56d9bbad52;4284;Fennec;362;194;0;0;0;4;4;5;2;0;314;30.27;1573;1081;492;13;42;440;316;124;4;11;181.65;13.05;266;107;83;1275;421829;221.08;61.75;115.63;32.3;21.3;5.95;202.07;56.44;152.35;42.55;3.6;1.01;1.1;0.28;4;250.1;273.1;1535;1194;1818;1852;195.74;54.67;162.28;45.33;221.05;61.74;136.96;38.26;162.62;45.42;98.49;27.51;96.91;27.07;0;0
fa80ddd7-6a79-4498-a847-211de942406d,ranked-doubles,bronze-1,orange;;FALCON C0D;XBox;c06a5c16f4010900;403;Dominus;362;686;3;2;2;2;5;1;1;150;305;46.61;1649;1207;442;13;39;465;200;265;2;24;24.23;31.79;475;92;0;1299;430480;214.13;59.2;121.11;33.49;26.44;7.31;220.99;61.1;123.86;34.24;16.84;4.66;1.21;0.4;3;191;166.8;2288;2197;2375;2616;264.27;73.07;97.42;26.93;200.34;55.39;161.35;44.61;161.59;44.68;96.28;26.62;103.81;28.7;0;0
fa80ddd7-6a79-4498-a847-211de942406d,ranked-doubles,bronze-1,orange;;burkeyboy_23;PS4;burkeyboy_23;600;Ripper;362;375;2;0;1;2;5;1;0;100;165;51.82;1249;920;329;13;28;324;215;109;3;9;21.12;118.66;460;387;84;1258;416864;249.99;69.15;90.7;25.09;20.83;5.76;276.28;76.42;82.82;22.91;2.42;0.67;1.04;0.52;2;158.7;185.3;2595;2123;3103;2616;257.11;71.12;104.4;28.88;209.19;57.86;152.33;42.14;151.96;42.03;107.92;29.85;101.64;28.11;0;0
ff6a8045-fbcb-4a6f-97fc-cc669d9f5711,ranked-doubles,bronze-1,blue;;60 70;Epic;67e1a297b0ac4f9bb39bb6243d9ec954;23;Octane;110;26;0;0;0;0;2;1;1;0;219;65.58;430;388;42;5;4;0;0;0;0;0;9.38;24.8;10;116;0;1060;101351;81.36;75.73;21.23;19.76;4.85;4.51;63.72;59.31;41.55;38.68;2.16;2.01;0.29;0.14;2;88.9;83.1;1589;1622;1789;2943;70.07;65.22;37.37;34.78;85.17;79.28;22.26;20.72;69.27;64.48;34.13;31.77;4.03;3.75;0;0
ff6a8045-fbcb-4a6f-97fc-cc669d9f5711,ranked-doubles,bronze-1,blue;;60 70(1);Epic;67e1a297b0ac4f9bb39bb6243d9ec954;23;Octane;110;2;0;0;0;0;2;1;0;0;52;30.41;60;0;60;0;5;36;0;36;0;3;1.42;0;0;0;0;729;26227;84.52;87.58;2.51;2.6;9.48;9.82;72.67;75.29;22.37;23.18;1.48;1.53;0;0;0;38;64.9;3849;5140;3579;2943;52.13;54.01;44.39;45.99;56.32;58.35;40.2;41.65;55.13;57.12;2.26;2.34;39.13;40.54;0;0
ff6a8045-fbcb-4a6f-97fc-cc669d9f5711,ranked-doubles,bronze-1,orange;;angel20148;PS4;angel20148;4284;Fennec;110;128;1;0;0;1;0;0;0;100;176;20.42;245;100;145;1;12;148;100;48;1;4;25.85;1.78;95;0;0;1244;116798;79.63;73.84;22.5;20.86;5.71;5.29;91.05;84.42;16.8;15.58;0;0;0;0;0;45.3;64.3;2987;2269;4046;3249;80.68;74.81;27.17;25.19;53.45;49.56;54.4;50.44;33.93;31.46;33.76;31.3;40.16;37.24;0;0
ff6a8045-fbcb-4a6f-97fc-cc669d9f5711,ranked-doubles,bronze-1,orange;;adriantarancon;PS4;adriantarancon;4284;Fennec;110;84;0;1;0;1;0;0;0;0;377;35.5;650;500;150;5;13;185;100;85;1;7;41.78;8.76;265;0;0;1364;139137;69.99;63.44;29.98;27.17;10.36;9.39;85.89;77.86;21.99;19.93;2.44;2.21;0;0;0;64.1;49.3;2882;2565;3494;3249;84.66;76.73;25.67;23.27;54.83;49.7;55.5;50.3;31.89;28.91;46.7;42.33;31.73;28.76;0;0
3626bb72-b387-4af4-a12f-6d77315fb844,ranked-doubles,bronze-2,blue;;BigJJpops;XBox;0413924af5010900;23;Octane;344;483;3;0;0;4;2;2;2;75;371;48.35;1954;1669;285;21;25;422;357;65;5;6;75.91;64.53;718;436;149;1335;429228;209.41;60.88;101.08;29.39;33.47;9.73;209.81;61;115.97;33.72;18.18;5.29;2.67;0.44;6;153.9;185;1642;1553;1739;2288;238.95;69.47;105.02;30.53;233.83;67.98;110.14;32.02;176.84;51.41;95.97;27.9;71.15;20.69;0;0
3626bb72-b387-4af4-a12f-6d77315fb844,ranked-doubles,bronze-2,blue;;Vintage267710;XBox;12728876f5010900;4284;Fennec;344;166;0;0;1;0;2;2;0;0;194;38.04;1142;641;501;8;42;129;0;129;0;11;57.23;26.96;483;161;3;1281;404278;221.85;64.67;94.72;27.61;26.47;7.72;253.29;73.83;84.98;24.77;4.78;1.39;5.97;0.46;13;197.8;146;2452;2409;2497;2288;234.23;68.28;108.81;31.72;237.97;69.37;105.08;30.63;178.82;52.13;99.08;28.88;65.15;18.99;1;0
3626bb72-b387-4af4-a12f-6d77315fb844,ranked-doubles,bronze-2,orange;;Orangesig32;Epic;1e9b7c9e60e6404786a7ba56d9bbad52;4284;Fennec;344;220;1;0;0;1;4;3;1;100;256;35.48;1290;687;603;8;53;517;283;234;3;20;132.96;31.62;132;117;16;1249;404742;213.19;61.97;112.86;32.81;17.97;5.22;216.63;62.97;126.35;36.73;1.03;0.3;1.66;0.55;3;142.2;201.4;2525;1948;2864;3059;226.08;65.72;117.93;34.28;190.84;55.47;153.18;44.53;134.9;39.21;98.56;28.65;110.56;32.14;0;0
3626bb72-b387-4af4-a12f-6d77315fb844,ranked-doubles,bronze-2,orange;;BoOgEr_StoRm23;PS4;BoOgEr_StoRm23;23;Octane;344;162;1;0;0;1;4;3;2;100;317;50.2;1788;1465;323;18;20;214;0;214;0;11;49.83;112.19;619;252;5;1343;417090;201.1;59;110.13;32.31;29.64;8.7;226.84;66.55;109.93;32.25;4.1;1.2;3.46;0.69;5;197.9;130.8;2967;2672;3128;3059;249.8;73.28;91.07;26.72;224.93;65.99;115.94;34.01;170.28;49.95;88.49;25.96;82.1;24.09;0;1
258e20df-e961-49d7-a8c8-dcd2a685e4ee,ranked-doubles,bronze-2,blue;;eac;Psynet;c39851ed595814c0;23;Octane;61;236;2;0;0;1;0;0;0;200;199;44.27;160;100;60;1;5;124;100;24;1;2;6.28;8.24;23;0;0;1164;57872;46.51;75.72;12.96;21.1;1.95;3.17;44.01;71.65;17.41;28.35;0;0;0;0;0;23.1;24.9;2928;1442;2144;3166;54.96;89.5;6.45;10.5;25;40.7;36.42;59.3;21.8;35.5;13.67;22.26;25.94;42.24;0;0
258e20df-e961-49d7-a8c8-dcd2a685e4ee,ranked-doubles,bronze-2,blue;;Tiktok-blakegoat;PS4;Tiktok-blakegoat;403;Dominus;61;160;1;1;0;1;0;0;0;100;157;41.28;47;0;47;0;4;11;0;11;0;1;0;0;0;0;0;1228;60356;41.96;68.79;17.23;28.25;1.81;2.97;40.82;66.92;17.24;28.26;2.94;4.82;0;0;0;25.6;23.5;2880;4975;1858;3166;54.73;89.72;6.27;10.28;23.82;39.05;37.18;60.95;20.38;33.41;15.64;25.64;24.98;40.95;0;0
258e20df-e961-49d7-a8c8-dcd2a685e4ee,ranked-doubles,bronze-2,orange;;Orangesig32;Epic;1e9b7c9e60e6404786a7ba56d9bbad52;4284;Fennec;61;10;0;0;0;0;2;3;3;0;222;18.57;126;0;126;0;11;0;0;0;0;0;20.61;0;0;0;0;1210;60082;44.86;73.04;16.35;26.62;0.21;0.34;39.97;65.09;18.91;30.79;2.53;4.12;0;0;0;35.4;31.3;2255;1125;2018;1715;27.82;45.29;33.6;54.71;57.52;93.65;3.9;6.35;46.34;75.45;12.34;20.09;2.74;4.46;0;0
258e20df-e961-49d7-a8c8-dcd2a685e4ee,ranked-doubles,bronze-2,orange;;mOonliGht-dRiPz;PS4;mOonliGht-dRiPz;23;Octane;61;0;0;0;0;0;2;3;0;0;123;42.92;123;100;23;1;2;0;0;0;0;0;6.06;11.21;0;0;0;1031;29483;32.76;85.14;5.72;14.86;0;0;26.44;68.71;12.04;31.29;0;0;0;0;0;12.5;26.3;1381;1463;1170;1715;5.71;14.84;32.77;85.16;38.48;100;0;0;36.64;95.22;1.84;4.78;0;0;0;0
dfa31d58-77d2-48e2-8ed7-285050df74d6,ranked-doubles,bronze-2,blue;;Jaysnt_d;PS4;Jaysnt_d;403;Dominus;402;493;3;0;0;2;2;3;1;150;188;41.74;1188;823;365;10;31;323;205;118;3;10;32.52;57.98;283;178;96;1237;454836;263.36;65.94;114.67;28.71;21.34;5.34;268.33;67.19;126.55;31.69;4.5;1.13;0;0;0;214.3;176.1;2412;1972;2884;2542;275.77;69.05;123.6;30.95;213.95;53.57;185.42;46.43;159.79;40.01;116.17;29.09;123.41;30.9;0;0
dfa31d58-77d2-48e2-8ed7-285050df74d6,ranked-doubles,bronze-2,blue;;Orangesig32;Epic;1e9b7c9e60e6404786a7ba56d9bbad52;4284;Fennec;402;341;1;1;0;2;2;3;2;50;318;30.13;1930;1282;648;14;57;650;390;260;4;24;159.02;15.72;419;20;9;1249;462920;252.4;62.84;124.14;30.91;25.11;6.25;252.31;62.82;146.47;36.47;2.87;0.71;4.4;0.88;5;173.6;216.9;1987;1737;2237;2542;253.64;63.15;148.01;36.85;213.65;53.21;187.9;46.79;160.51;39.96;100.07;24.91;141.07;35.12;0;0
dfa31d58-77d2-48e2-8ed7-285050df74d6,ranked-doubles,bronze-2,orange;;jarrod_scott5;PS4;jarrod_scott5;23;Octane;402;434;2;0;0;1;4;4;2;200;219;49.73;1518;947;571;17;49;459;317;142;5;12;25.94;80.32;310;758;182;1239;446412;257.97;64.25;123.63;30.79;19.88;4.95;266.17;66.3;129.3;32.21;6;1.49;6.63;0.83;8;221.8;160;2771;2409;3074;2985;273.95;68.24;127.53;31.76;271.46;67.62;130.01;32.38;233.75;58.22;89.31;22.25;78.42;19.53;0;0
dfa31d58-77d2-48e2-8ed7-285050df74d6,ranked-doubles,bronze-2,orange;;Sienna67;PS4;jarrod_scott5;22;Breakout;402;261;1;0;1;1;4;4;2;100;214;30.42;1224;767;457;9;38;492;313;179;4;15;126.64;37.16;608;133;87;1254;460211;280.91;69.85;102.88;25.58;18.38;4.57;301.29;74.91;92.93;23.11;7.96;1.98;7.84;0.6;13;175.4;222;2152;2095;2184;2985;251.39;62.51;150.79;37.49;249.28;61.98;152.9;38.02;204.77;50.92;88.84;22.09;108.57;27;0;0
b583c308-91ad-46a9-b6b5-b94f3a5ed9a2,ranked-doubles,bronze-2,blue;;2F0R3IGN;Epic;f1c3f6f428784532b67f2c620fdaf3a3;4284;Fennec;371;487;3;0;0;5;4;3;1;60;316;49.35;1743;1362;381;18;26;645;420;225;6;13;43.6;79.66;332;439;181;1293;429905;233.06;63.5;111.38;30.35;22.56;6.15;248.17;67.62;108.75;29.63;10.08;2.75;0;0;0;208.5;158.8;2323;2164;2484;3069;272.31;74.2;94.69;25.8;212.67;57.95;154.34;42.05;151.17;41.19;119.25;32.49;96.59;26.32;2;0
b583c308-91ad-46a9-b6b5-b94f3a5ed9a2,ranked-doubles,bronze-2,blue;;RevolXation;XBox;975a07f7f5010900;403;Dominus;371;336;1;2;0;1;4;3;2;100;332;40.8;1827;1427;400;19;35;685;482;203;6;18;73.39;45.79;1092;472;117;1499;495958;175.54;47.83;153.29;41.77;38.15;10.4;256.73;69.96;105.24;28.68;5.01;1.37;8.59;1.23;7;163.3;193.6;2434;2671;2045;3069;236.34;64.4;130.64;35.6;209.41;57.06;157.58;42.94;155.82;42.46;112.78;30.73;98.39;26.81;4;1
b583c308-91ad-46a9-b6b5-b94f3a5ed9a2,ranked-doubles,bronze-2,orange;;Orangesig32;Epic;1e9b7c9e60e6404786a7ba56d9bbad52;4284;Fennec;371;533;3;0;0;4;6;4;3;75;275;23.23;1201;630;571;7;49;120;0;120;0;10;156.32;4.06;205;0;0;1188;378034;243.27;69.58;92.39;26.42;13.98;4;229.33;65.59;112.53;32.19;7.77;2.22;1.46;0.49;3;323.8;327.6;1911;1510;2216;1322;230.38;65.89;119.26;34.11;238.08;68.09;111.56;31.91;191.24;54.7;87.09;24.91;71.31;20.4;1;6
b583c308-91ad-46a9-b6b5-b94f3a5ed9a2,ranked-doubles,bronze-2,orange;;FAIZPJR;PS4;FAIZPJR;403;Dominus;371;0;0;0;0;0;6;4;1;0;99;16.86;36;0;36;0;3;12;0;12;0;1;15.03;0;0;0;0;1238;39365;65.78;84.89;10.54;13.6;1.17;1.51;65.99;85.16;9.38;12.1;2.12;2.74;0;0;0;36.6;41.9;1805;1117;1976;1322;44.13;56.96;33.35;43.04;64.26;82.93;13.23;17.07;61.11;78.86;8.11;10.47;8.27;10.67;0;0
f71af894-9ad0-4691-85cd-f77b2ff08cda,ranked-doubles,bronze-2,blue;;Max_Pearson2013;PS4;Max_Pearson2013;403;Dominus;360;345;2;0;0;2;2;2;0;100;317;42.45;1659;1187;472;15;40;334;161;173;3;15;82.72;36.52;886;320;145;1411;475410;197.82;54.96;127.51;35.42;34.63;9.62;242.03;67.24;110.99;30.83;6.94;1.93;0;0;0;188.5;155.7;2473;2049;2873;2493;235.18;65.34;124.78;34.66;222.08;61.7;137.88;38.3;162.84;45.24;112.29;31.2;84.83;23.57;2;0
f71af894-9ad0-4691-85cd-f77b2ff08cda,ranked-doubles,bronze-2,blue;;Orangesig32;Epic;1e9b7c9e60e6404786a7ba56d9bbad52;4284;Fennec;360;286;1;1;0;2;2;2;2;50;318;24.72;1608;916;692;10;60;333;100;233;1;20;170;10.95;314;62;0;1267;425951;224.8;62.52;116.05;32.27;18.74;5.21;232.9;64.77;122.75;34.14;3.93;1.09;6.31;0.57;11;155.2;189.3;2171;2091;2180;2493;226.31;62.94;133.27;37.06;218.53;60.77;141.05;39.23;162.85;45.29;110.59;30.76;86.14;23.96;0;0
f71af894-9ad0-4691-85cd-f77b2ff08cda,ranked-doubles,bronze-2,orange;;Vizard086;XBox;3e4c2fd5f4010900;12286;;360;302;1;1;0;1;4;3;3;100;278;47.32;1651;1258;393;14;34;171;68;103;1;9;46.87;54.33;467;146;36;1388;466297;201.77;56.07;134.95;37.5;23.15;6.43;248.86;69.15;106.38;29.56;4.63;1.29;7.66;0.38;20;178.2;184.5;2254;2194;2257;2847;250.98;69.74;108.9;30.26;206.29;57.32;153.58;42.68;138.04;38.36;130.84;36.36;90.99;25.28;0;0
f71af894-9ad0-4691-85cd-f77b2ff08cda,ranked-doubles,bronze-2,orange;;TronNeo22;Epic;ad61225cf8744ab38af32bd3fbed836c;3451;Nimbus;360;158;1;0;0;1;4;3;0;100;168;49.92;1062;673;389;10;35;155;29;126;1;11;33.54;28.85;97;336;70;1135;364727;275.05;78.03;72.21;20.49;5.22;1.48;253.72;71.98;95.68;27.14;3.08;0.87;0.59;0.3;2;190.6;163.3;2369;2199;2519;2847;246.82;70.02;105.67;29.98;215.98;61.27;136.51;38.73;164.77;46.75;95.88;27.2;91.83;26.05;0;2
fdccecb1-7696-4138-b4d4-78b9ab4f0913,ranked-doubles,bronze-2,blue;;theTacocat88;Epic;899909ba9ee64010a0f0eecfec288d36;31;Venom;343;280;1;0;0;4;2;2;1;25;341;55.67;1886;1481;405;16;37;529;400;129;5;11;83.4;38.52;389;135;101;1415;461281;175.71;51.37;127.79;37.36;38.56;11.27;191.88;56.1;139.74;40.85;10.44;3.05;7.24;0.38;19;171.3;162;2241;2009;2459;2697;221.05;64.62;121.01;35.38;207.33;60.61;134.73;39.39;164.24;48.02;92.7;27.1;85.11;24.88;1;0
fdccecb1-7696-4138-b4d4-78b9ab4f0913,ranked-doubles,bronze-2,blue;;DeamDeam14;Psynet;3d33c186ab05bc19;31;Venom;343;170;0;1;0;1;2;2;1;0;384;51.3;2249;1900;349;23;24;356;248;108;3;10;124.09;62.68;868;412;54;1428;464607;179.01;52.26;127.28;37.16;36.23;10.58;229.04;66.87;100.67;29.39;12.82;3.74;7.73;0.48;16;161.2;169;2381;2140;2754;2697;213.82;62.42;128.71;37.58;195.13;56.97;147.4;43.03;143.44;41.88;102.64;29.97;96.44;28.16;0;0
fdccecb1-7696-4138-b4d4-78b9ab4f0913,ranked-doubles,bronze-2,orange;;A1uMn8;XBox;673f540200000900;7901;Fast & Furious Mazda RX-7;343;379;1;0;0;1;5;1;1;100;414;42.22;2208;1827;381;19;32;356;200;156;2;13;105.93;24.83;703;72;0;1457;473421;155.99;45.9;147.76;43.48;36.07;10.61;191.97;56.49;138.24;40.68;9.6;2.83;0.92;0.23;4;152.1;178.1;2184;1527;2622;2344;252.5;74.31;87.31;25.69;192.67;56.7;147.14;43.3;148.17;43.6;87.05;25.62;104.59;30.78;0;1
fdccecb1-7696-4138-b4d4-78b9ab4f0913,ranked-doubles,bronze-2,orange;;EFHondaBoy;XBox;772d165cf4010900;403;Dominus;343;144;1;0;0;1;5;1;0;100;168;27.56;838;347;491;4;42;413;247;166;3;14;116.97;18.31;72;52;52;1364;446459;184.78;53.87;137.49;40.08;20.75;6.05;135.19;39.41;192.98;56.26;14.85;4.33;1.83;0.2;9;182.1;152.2;2079;2061;2067;2344;245.59;71.6;97.43;28.4;191.47;55.82;151.54;44.18;145.45;42.4;93.62;27.29;103.95;30.3;0;0
a7e1d322-0b39-4e52-b50c-8f2a50ff1bc3,ranked-doubles,bronze-2,blue;;Awags296;PS4;Awags296;29;Hotshot;362;649;3;1;0;4;3;2;0;75;198;24.55;1059;600;459;6;40;433;300;133;3;11;131.13;30.63;440;11;0;1318;426334;219.19;60.74;124.43;34.48;17.22;4.77;267.17;74.04;88.17;24.44;5.49;1.52;0;0;0;150.1;204.8;2546;2393;2762;3183;239.48;66.37;121.35;33.63;238.01;65.96;122.83;34.04;173.98;48.22;105.49;29.24;81.36;22.55;0;0
a7e1d322-0b39-4e52-b50c-8f2a50ff1bc3,ranked-doubles,bronze-2,blue;;Graenoldo51;XBox;fcdc4c2ef9010900;4284;Fennec;362;258;1;1;0;1;3;2;2;100;476;50.2;2482;1992;490;28;44;189;51;138;1;13;48.09;46.52;938;706;57;1545;508463;166.89;46.11;131.81;36.42;63.2;17.46;209.87;57.99;144.23;39.85;7.8;2.16;3.45;0.43;8;213.9;143.9;2653;2456;2939;3183;252.42;69.75;109.48;30.25;252.72;69.83;109.18;30.17;184.62;51.01;125.81;34.76;51.48;14.22;0;0
a7e1d322-0b39-4e52-b50c-8f2a50ff1bc3,ranked-doubles,bronze-2,orange;;Pryver6;PS4;Pryver6;4284;Fennec;362;268;1;0;0;2;5;4;1;50;262;46.38;1420;1012;408;14;37;404;300;104;3;9;24.54;102.63;659;397;3;1400;468463;211.27;58.38;121.45;33.56;29.16;8.06;248.17;68.58;110.01;30.4;3.7;1.02;1.61;0.27;6;146.8;196;2750;2387;3012;3266;222.75;61.56;139.12;38.44;205.27;56.72;156.61;43.28;139.22;38.47;125.71;34.74;96.94;26.79;0;0
a7e1d322-0b39-4e52-b50c-8f2a50ff1bc3,ranked-doubles,bronze-2,orange;;theTacocat88;Epic;899909ba9ee64010a0f0eecfec288d36;23;Octane;362;264;1;0;1;1;5;4;3;100;417;46.26;2236;1682;554;20;49;267;128;139;2;13;88.51;40.36;557;315;71;1388;463988;194.65;53.85;133.29;36.88;33.51;9.27;240.74;66.61;111.42;30.83;9.28;2.57;8.76;0.49;18;195.4;145.6;2605;2599;2630;3266;252.42;69.84;109.03;30.16;228.35;63.18;133.1;36.82;155.57;43.04;132.33;36.61;73.55;20.35;0;0
e80325bf-670f-4df9-bdf8-9c12d2bf46d5,ranked-doubles,bronze-2,blue;;theTacocat88;Epic;899909ba9ee64010a0f0eecfec288d36;23;Octane;399;595;3;0;1;6;8;4;3;50;333;44.26;1871;1378;493;16;43;504;280;224;4;19;95.28;34.34;454;197;81;1383;496406;215.06;53.95;149.37;37.47;34.21;8.58;235.56;59.09;145.42;36.48;17.67;4.43;5.41;0.42;13;143.6;228.4;1977;1869;2078;2466;268.22;67.28;130.42;32.72;245.37;61.55;153.27;38.45;178.64;44.81;124.6;31.26;95.4;23.93;0;0
e80325bf-670f-4df9-bdf8-9c12d2bf46d5,ranked-doubles,bronze-2,blue;;Kayden;Psynet;07b84de946014ed6;23;Octane;399;351;2;1;0;2;8;4;1;100;199;42.67;1118;596;522;8;47;153;0;153;0;14;54.96;15.47;226;212;4;1352;479169;241.47;61.05;119.66;30.25;34.42;8.7;237.76;60.11;145.8;36.86;11.99;3.03;0.59;0.29;2;232.2;142.2;2314;2322;2309;2466;285.82;72.26;109.73;27.74;249.37;63.04;146.19;36.96;198;50.06;124.88;31.57;72.68;18.37;0;1
e80325bf-670f-4df9-bdf8-9c12d2bf46d5,ranked-doubles,bronze-2,orange;;Lust2y;XBox;272fa9e0f8010900;23;Octane;399;696;3;1;2;7;8;5;3;42.86;305;56.73;2034;1433;601;19;55;677;476;201;7;18;35.17;58.87;289;479;223;1291;461728;237.62;59.65;140.71;35.32;20.03;5.03;260.22;65.32;133.94;33.62;4.2;1.05;0.67;0.22;3;186.3;241.4;2090;2233;1972;3009;271.29;68.1;127.07;31.9;257.48;64.64;140.88;35.36;173.76;43.62;129.43;32.49;95.16;23.89;1;0
e80325bf-670f-4df9-bdf8-9c12d2bf46d5,ranked-doubles,bronze-2,orange;;mathi_inmortal07;PS4;mathi_inmortal07;23;Octane;399;342;1;2;1;1;8;5;2;100;287;48.35;1524;1143;381;13;33;206;100;106;1;9;50.67;23.15;274;159;2;1281;399585;244.64;62.96;114.99;29.59;28.92;7.44;251.34;64.69;124.6;32.07;12.61;3.25;1.09;0.36;3;241.7;139.7;2733;2611;2837;3009;309.48;79.65;79.06;20.35;273.81;70.47;114.73;29.53;219.44;56.48;102.58;26.4;66.52;17.12;0;0
52c6e651-ab4c-4c47-95cc-506c7d468cec,ranked-doubles,bronze-2,blue;;IM_.WASHED;Epic;86c34bb03cfa47d5850de6907a75bc57;4284;Fennec;277;242;1;0;0;3;5;4;1;33.33;271;53.7;1210;930;280;13;25;308;200;108;3;9;44.4;20.77;154;280;0;1315;338061;164.96;59.72;97.87;35.43;13.4;4.85;160.43;58.08;98.46;35.64;17.34;6.28;5.2;0.37;14;119.5;155.9;1917;1566;2292;2214;150.39;54.44;125.84;45.56;150.53;54.49;125.7;45.51;104.92;37.98;93.28;33.77;78.03;28.25;0;0
52c6e651-ab4c-4c47-95cc-506c7d468cec,ranked-doubles,bronze-2,blue;;eric_aguirre507;PS4;eric_aguirre507;4284;Fennec;277;76;0;0;0;1;5;4;3;0;240;37.76;835;523;312;7;26;183;76;107;1;9;59.78;12.83;132;176;23;1312;316720;164.64;60.24;95.89;35.08;12.79;4.68;154.97;56.7;113.98;41.7;4.37;1.6;0;0;0;159;104.7;1980;1778;2239;2214;168.28;61.57;105.04;38.43;160.68;58.79;112.64;41.21;124.12;45.41;79;28.9;70.2;25.68;0;1
52c6e651-ab4c-4c47-95cc-506c7d468cec,ranked-doubles,bronze-2,orange;;alexxw2013;PS4;alexxw2013;403;Dominus;277;564;3;0;2;2;4;1;0;150;314;43.96;1320;1020;300;12;27;443;299;144;3;12;42.46;37.37;570;179;0;1478;380078;138.73;50.06;93.98;33.91;44.44;16.03;163.99;59.17;103.91;37.49;9.25;3.34;1.37;0.23;6;113.2;152.6;2312;1519;2932;2498;190.49;68.73;86.67;31.27;159.44;57.53;117.72;42.47;123.84;44.68;69.88;25.21;83.43;30.1;1;0
52c6e651-ab4c-4c47-95cc-506c7d468cec,ranked-doubles,bronze-2,orange;;theTacocat88;Epic;899909ba9ee64010a0f0eecfec288d36;23;Octane;277;417;1;3;1;3;4;1;1;33.33;310;40.26;1316;952;364;11;31;365;232;133;3;11;90.75;15.86;140;43;31;1334;338838;169.34;61.11;91.69;33.09;16.09;5.81;176.27;63.61;94.37;34.05;6.48;2.34;4.1;0.32;13;150;110.9;2441;2345;2519;2498;204.22;73.69;72.9;26.31;176.54;63.71;100.58;36.29;134.53;48.54;81.77;29.51;60.83;21.95;0;0
f8341719-4471-44a3-b7ea-494cff30a20e,ranked-doubles,bronze-2,blue;;Night6343738;XBox;b3e8c7d0f6010900;24;Paladin;351;362;2;0;0;2;3;2;1;100;270;51.8;1554;1101;453;16;40;211;51;160;1;15;31.65;54.79;412;446;60;1438;464864;191.11;54.89;114.83;32.98;42.2;12.12;189.96;54.56;146.44;42.06;11.74;3.37;1.47;0.25;6;169.9;167.8;2318;2395;2307;3062;258.93;74.38;89.21;25.62;216.47;62.18;131.67;37.82;164.34;47.2;110.34;31.69;73.47;21.1;2;1
f8341719-4471-44a3-b7ea-494cff30a20e,ranked-doubles,bronze-2,blue;;MarinePillow3303;Epic;998c729092154cba985192c5c654e5a0;23;Octane;351;260;1;0;0;4;3;2;1;25;358;54.34;1999;1625;374;21;25;327;196;131;2;11;30.13;92.65;867;480;3;1528;501717;157.05;44.79;142.44;40.63;51.12;14.58;220.17;62.8;121.62;34.69;8.81;2.51;1.7;0.28;6;172.9;166.4;2571;2588;2612;3062;242.78;69.25;107.83;30.75;216.12;61.64;134.49;38.36;172.84;49.3;95.61;27.27;82.16;23.43;4;0
f8341719-4471-44a3-b7ea-494cff30a20e,ranked-doubles,bronze-2,orange;;theTacocat88;Epic;899909ba9ee64010a0f0eecfec288d36;23;Octane;351;418;2;0;0;2;6;3;1;100;364;45.31;1729;1332;397;15;34;351;188;163;2;14;84.57;27.94;649;36;11;1428;448292;177.78;51.98;119.81;35.03;44.44;12.99;210.75;61.62;128.72;37.63;2.57;0.75;5.05;0.39;13;164.9;191.3;2377;2243;2489;2886;226.26;66.15;115.78;33.85;214.72;62.77;127.33;37.23;165.15;48.28;91.14;26.65;85.75;25.07;1;3
f8341719-4471-44a3-b7ea-494cff30a20e,ranked-doubles,bronze-2,orange;;eric_aguirre507;PS4;eric_aguirre507;4284;Fennec;351;192;0;0;2;1;6;3;2;0;231;37.03;1211;727;484;9;42;192;72;120;1;10;74.34;13.9;172;184;27;1323;411838;213.76;62.54;106.27;31.09;21.78;6.37;214.05;62.62;121.04;35.41;6.72;1.97;0.39;0.39;1;200.9;144.8;2461;2372;2591;2886;237.2;69.4;104.6;30.6;227.67;66.61;114.14;33.39;174.62;51.09;100.86;29.51;66.33;19.41;0;3
36918fd1-6724-43bb-8205-2f955e3e7753,ranked-doubles,bronze-2,blue;;C.Reach_Around;Epic;12d18acb686a402caec3a5a1cc0aee22;4284;Fennec;164;489;3;1;0;6;0;0;0;50;289;23.29;549;226;323;3;27;255;50;205;1;17;36;8.03;111;73;49;1295;175381;105.48;66.32;48.91;30.75;4.66;2.93;116.86;73.47;42.05;26.44;0.14;0.09;4.04;0.16;26;58.4;95.3;1939;1734;1626;2717;122.67;77.12;36.39;22.88;71;44.64;88.05;55.36;56.66;35.62;35.13;22.09;67.26;42.29;0;0
36918fd1-6724-43bb-8205-2f955e3e7753,ranked-doubles,bronze-2,blue;;ShiGuyGaming;Epic;256138a0b6934365a156f32159eacda9;23;Octane;164;487;3;1;0;4;0;0;0;75;176;50.67;564;334;230;6;20;193;145;48;2;4;4.93;16.67;92;265;54;1291;166631;108.04;69.78;41.02;26.49;5.78;3.73;121.53;78.48;33.32;21.52;0;0;0.28;0.28;1;94.7;53.2;2721;2345;2981;2717;140.19;90.54;14.65;9.46;83.52;53.94;71.32;46.06;60.93;39.35;49.52;31.98;44.4;28.67;0;2
36918fd1-6724-43bb-8205-2f955e3e7753,ranked-doubles,bronze-2,orange;;henao_jero;PS4;henao_jero;23;Octane;164;78;0;0;0;0;10;6;3;0;343;52.82;734;641;93;9;9;111;99;12;1;1;19.04;19.29;118;176;0;1126;142796;121.14;75.74;24.92;15.58;13.88;8.68;101.36;63.37;52.72;32.96;5.86;3.66;3.65;0.41;9;88.7;71.1;3049;2317;3616;3101;87.7;54.83;72.25;45.17;128.01;80.03;31.94;19.97;109.01;68.15;26.85;16.79;24.09;15.06;0;0
36918fd1-6724-43bb-8205-2f955e3e7753,ranked-doubles,bronze-2,orange;;macgruber612;PS4;macgruber612;1172;Marauder;164;32;0;0;0;0;10;6;3;0;139;29.07;336;86;250;1;21;57;0;57;0;5;28.75;2.93;65;16;3;1244;173271;118.2;73.02;36.9;22.8;6.77;4.18;125.15;77.32;34.38;21.24;2.34;1.45;1.95;0.24;8;74.3;86.9;2131;1975;2018;3101;88.78;54.85;73.09;45.15;130.1;80.37;31.77;19.63;104.87;64.79;36.42;22.5;20.58;12.71;2;0
35219908-2b0f-464a-8b81-10fb0d59c5bd,ranked-doubles,bronze-2,blue;;GoofysPipe;PS4;GoofysPipe;10901;Shokunin GXT;344;448;2;0;0;3;8;6;1;66.67;383;41.64;1957;1341;616;15;55;787;483;304;5;27;74.69;17.24;218;160;16;1377;429896;202.44;58.96;108.09;31.48;32.82;9.56;192.66;56.11;132.08;38.47;18.61;5.42;5.69;0.17;33;151.5;170.3;2364;1815;2781;2815;216.21;62.97;127.14;37.03;206.52;60.15;136.83;39.85;164.42;47.89;85.74;24.97;93.19;27.14;2;0
35219908-2b0f-464a-8b81-10fb0d59c5bd,ranked-doubles,bronze-2,blue;;C.Reach_Around;Epic;12d18acb686a402caec3a5a1cc0aee22;23;Octane;344;216;0;2;1;0;8;6;5;0;276;36.79;1607;768;839;9;72;457;200;257;2;23;58.59;25.46;89;131;0;1392;434019;193;56.24;129.17;37.64;21.03;6.13;224.67;65.46;113.88;33.18;4.65;1.35;8.5;0.21;40;166.4;152.6;2452;2352;2495;2815;201.53;58.72;141.67;41.28;210.01;61.19;133.2;38.81;170.87;49.79;83.92;24.45;88.41;25.76;2;0
35219908-2b0f-464a-8b81-10fb0d59c5bd,ranked-doubles,bronze-2,orange;;MiniMufinsTV;PS4;MiniMufinsTV;4284;Fennec;344;757;5;0;0;5;3;2;1;100;269;51.1;1403;1033;370;14;34;312;179;133;3;12;21.92;40.24;144;386;123;1315;388285;200.78;60.67;112.36;33.95;17.8;5.38;210.65;63.65;111.47;33.68;8.83;2.67;3.01;0.6;5;176.2;160.4;2706;2678;2815;3182;258.2;78.02;72.74;21.98;209.53;63.31;121.41;36.69;168.76;50.99;79.11;23.9;83.07;25.1;0;4
35219908-2b0f-464a-8b81-10fb0d59c5bd,ranked-doubles,bronze-2,orange;;Kidbroadway23;Epic;6d9552e998364ecbbff832dfc4319811;4284;Fennec;344;366;1;2;0;3;3;2;1;33.33;267;52.88;1437;925;512;13;44;198;0;198;0;17;21.82;49.56;208;385;7;1283;394738;222.52;65.01;96.54;28.21;23.21;6.78;221.43;64.69;114.6;33.48;6.25;1.83;10.82;0.77;14;169.3;169.5;2547;2359;2674;3182;270.41;79;71.87;21;220.81;64.51;121.47;35.49;173.66;50.74;85.41;24.95;83.21;24.31;0;0
